"Director, Product Management, Engagement",Asana,"San Francisco, CA",https://www.linkedin.com/jobs/view/director-product-management-engagement-at-asana-3842887662?position=1&pageNum=0&refId=6BuP2ZoMidy8BVqc7hEp%2Bg%3D%3D&trackingId=FCYtbOVVklrOz141wRyMww%3D%3D&trk=public_jobs_jserp-result_search-card,suitable
"Director, Product Management, Engagement",Asana,"San Francisco, CA",https://www.linkedin.com/jobs/view/director-product-management-engagement-at-asana-3842887662?position=1&pageNum=0&refId=6BuP2ZoMidy8BVqc7hEp%2Bg%3D%3D&trackingId=FCYtbOVVklrOz141wRyMww%3D%3D&trk=public_jobs_jserp-result_search-card,suitable
Sr. Director Product Management for Consumer Products,Western Digital,"Milpitas, CA",https://www.linkedin.com/jobs/view/sr-director-product-management-for-consumer-products-at-western-digital-3837863452?position=4&pageNum=0&refId=6BuP2ZoMidy8BVqc7hEp%2Bg%3D%3D&trackingId=J8OohGxLvjstwEfY0Yp0sQ%3D%3D&trk=public_jobs_jserp-result_search-card,suitable
"Director, Product Management, Engagement",Asana,"San Francisco, CA",https://www.linkedin.com/jobs/view/director-product-management-engagement-at-asana-3842887662?position=1&pageNum=0&refId=6BuP2ZoMidy8BVqc7hEp%2Bg%3D%3D&trackingId=FCYtbOVVklrOz141wRyMww%3D%3D&trk=public_jobs_jserp-result_search-card,suitable
Sr. Director Product Management for Consumer Products,Western Digital,"Milpitas, CA",https://www.linkedin.com/jobs/view/sr-director-product-management-for-consumer-products-at-western-digital-3837863452?position=4&pageNum=0&refId=6BuP2ZoMidy8BVqc7hEp%2Bg%3D%3D&trackingId=J8OohGxLvjstwEfY0Yp0sQ%3D%3D&trk=public_jobs_jserp-result_search-card,suitable
"Director of Product Management, Shopping",Pinterest,"San Francisco, CA",https://www.linkedin.com/jobs/view/director-of-product-management-shopping-at-pinterest-3865441530?position=5&pageNum=0&refId=6BuP2ZoMidy8BVqc7hEp%2Bg%3D%3D&trackingId=GQSTv0v9XXuHJD1l%2F9tuFQ%3D%3D&trk=public_jobs_jserp-result_search-card,suitable
"Director, Product Management, Engagement",Asana,"San Francisco, CA",https://www.linkedin.com/jobs/view/director-product-management-engagement-at-asana-3842887662?position=1&pageNum=0&refId=6BuP2ZoMidy8BVqc7hEp%2Bg%3D%3D&trackingId=FCYtbOVVklrOz141wRyMww%3D%3D&trk=public_jobs_jserp-result_search-card,suitable
Sr. Director Product Management for Consumer Products,Western Digital,"Milpitas, CA",https://www.linkedin.com/jobs/view/sr-director-product-management-for-consumer-products-at-western-digital-3837863452?position=4&pageNum=0&refId=6BuP2ZoMidy8BVqc7hEp%2Bg%3D%3D&trackingId=J8OohGxLvjstwEfY0Yp0sQ%3D%3D&trk=public_jobs_jserp-result_search-card,suitable
"Director of Product Management, Shopping",Pinterest,"San Francisco, CA",https://www.linkedin.com/jobs/view/director-of-product-management-shopping-at-pinterest-3865441530?position=5&pageNum=0&refId=6BuP2ZoMidy8BVqc7hEp%2Bg%3D%3D&trackingId=GQSTv0v9XXuHJD1l%2F9tuFQ%3D%3D&trk=public_jobs_jserp-result_search-card,suitable
"Senior Director, Product",Primer.ai,"San Francisco, CA",https://www.linkedin.com/jobs/view/senior-director-product-at-primer-ai-3816988041?position=6&pageNum=0&refId=6BuP2ZoMidy8BVqc7hEp%2Bg%3D%3D&trackingId=W0%2F8g5m9ttZ6VXfhv08YXw%3D%3D&trk=public_jobs_jserp-result_search-card,suitable
"Director, Product Management, Engagement",Asana,"San Francisco, CA",https://www.linkedin.com/jobs/view/director-product-management-engagement-at-asana-3842887662?position=1&pageNum=0&refId=6BuP2ZoMidy8BVqc7hEp%2Bg%3D%3D&trackingId=FCYtbOVVklrOz141wRyMww%3D%3D&trk=public_jobs_jserp-result_search-card,suitable
Sr. Director Product Management for Consumer Products,Western Digital,"Milpitas, CA",https://www.linkedin.com/jobs/view/sr-director-product-management-for-consumer-products-at-western-digital-3837863452?position=4&pageNum=0&refId=6BuP2ZoMidy8BVqc7hEp%2Bg%3D%3D&trackingId=J8OohGxLvjstwEfY0Yp0sQ%3D%3D&trk=public_jobs_jserp-result_search-card,suitable
"Director of Product Management, Shopping",Pinterest,"San Francisco, CA",https://www.linkedin.com/jobs/view/director-of-product-management-shopping-at-pinterest-3865441530?position=5&pageNum=0&refId=6BuP2ZoMidy8BVqc7hEp%2Bg%3D%3D&trackingId=GQSTv0v9XXuHJD1l%2F9tuFQ%3D%3D&trk=public_jobs_jserp-result_search-card,suitable
"Senior Director, Product",Primer.ai,"San Francisco, CA",https://www.linkedin.com/jobs/view/senior-director-product-at-primer-ai-3816988041?position=6&pageNum=0&refId=6BuP2ZoMidy8BVqc7hEp%2Bg%3D%3D&trackingId=W0%2F8g5m9ttZ6VXfhv08YXw%3D%3D&trk=public_jobs_jserp-result_search-card,suitable
Director of Product Management,Renesas Electronics,"San Jose, CA",https://www.linkedin.com/jobs/view/director-of-product-management-at-renesas-electronics-3842006013?position=7&pageNum=0&refId=6BuP2ZoMidy8BVqc7hEp%2Bg%3D%3D&trackingId=CX%2FqA4Tw4dJ6kGlnj9tHdg%3D%3D&trk=public_jobs_jserp-result_search-card,suitable
"Director, Product Management, Engagement",Asana,"San Francisco, CA",https://www.linkedin.com/jobs/view/director-product-management-engagement-at-asana-3842887662?position=1&pageNum=0&refId=6BuP2ZoMidy8BVqc7hEp%2Bg%3D%3D&trackingId=FCYtbOVVklrOz141wRyMww%3D%3D&trk=public_jobs_jserp-result_search-card,suitable
Sr. Director Product Management for Consumer Products,Western Digital,"Milpitas, CA",https://www.linkedin.com/jobs/view/sr-director-product-management-for-consumer-products-at-western-digital-3837863452?position=4&pageNum=0&refId=6BuP2ZoMidy8BVqc7hEp%2Bg%3D%3D&trackingId=J8OohGxLvjstwEfY0Yp0sQ%3D%3D&trk=public_jobs_jserp-result_search-card,suitable
"Director of Product Management, Shopping",Pinterest,"San Francisco, CA",https://www.linkedin.com/jobs/view/director-of-product-management-shopping-at-pinterest-3865441530?position=5&pageNum=0&refId=6BuP2ZoMidy8BVqc7hEp%2Bg%3D%3D&trackingId=GQSTv0v9XXuHJD1l%2F9tuFQ%3D%3D&trk=public_jobs_jserp-result_search-card,suitable
"Senior Director, Product",Primer.ai,"San Francisco, CA",https://www.linkedin.com/jobs/view/senior-director-product-at-primer-ai-3816988041?position=6&pageNum=0&refId=6BuP2ZoMidy8BVqc7hEp%2Bg%3D%3D&trackingId=W0%2F8g5m9ttZ6VXfhv08YXw%3D%3D&trk=public_jobs_jserp-result_search-card,suitable
Director of Product Management,Renesas Electronics,"San Jose, CA",https://www.linkedin.com/jobs/view/director-of-product-management-at-renesas-electronics-3842006013?position=7&pageNum=0&refId=6BuP2ZoMidy8BVqc7hEp%2Bg%3D%3D&trackingId=CX%2FqA4Tw4dJ6kGlnj9tHdg%3D%3D&trk=public_jobs_jserp-result_search-card,suitable
"Director, Product Management - API Ecosystem",Walmart,"Sunnyvale, CA",https://www.linkedin.com/jobs/view/director-product-management-api-ecosystem-at-walmart-3843043208?position=8&pageNum=0&refId=6BuP2ZoMidy8BVqc7hEp%2Bg%3D%3D&trackingId=BwVt2Hfae3dJodAJj0qdqQ%3D%3D&trk=public_jobs_jserp-result_search-card,suitable
"Director, Product Management, Engagement",Asana,"San Francisco, CA",https://www.linkedin.com/jobs/view/director-product-management-engagement-at-asana-3842887662?position=1&pageNum=0&refId=6BuP2ZoMidy8BVqc7hEp%2Bg%3D%3D&trackingId=FCYtbOVVklrOz141wRyMww%3D%3D&trk=public_jobs_jserp-result_search-card,suitable
Sr. Director Product Management for Consumer Products,Western Digital,"Milpitas, CA",https://www.linkedin.com/jobs/view/sr-director-product-management-for-consumer-products-at-western-digital-3837863452?position=4&pageNum=0&refId=6BuP2ZoMidy8BVqc7hEp%2Bg%3D%3D&trackingId=J8OohGxLvjstwEfY0Yp0sQ%3D%3D&trk=public_jobs_jserp-result_search-card,suitable
"Director of Product Management, Shopping",Pinterest,"San Francisco, CA",https://www.linkedin.com/jobs/view/director-of-product-management-shopping-at-pinterest-3865441530?position=5&pageNum=0&refId=6BuP2ZoMidy8BVqc7hEp%2Bg%3D%3D&trackingId=GQSTv0v9XXuHJD1l%2F9tuFQ%3D%3D&trk=public_jobs_jserp-result_search-card,suitable
"Senior Director, Product",Primer.ai,"San Francisco, CA",https://www.linkedin.com/jobs/view/senior-director-product-at-primer-ai-3816988041?position=6&pageNum=0&refId=6BuP2ZoMidy8BVqc7hEp%2Bg%3D%3D&trackingId=W0%2F8g5m9ttZ6VXfhv08YXw%3D%3D&trk=public_jobs_jserp-result_search-card,suitable
Director of Product Management,Renesas Electronics,"San Jose, CA",https://www.linkedin.com/jobs/view/director-of-product-management-at-renesas-electronics-3842006013?position=7&pageNum=0&refId=6BuP2ZoMidy8BVqc7hEp%2Bg%3D%3D&trackingId=CX%2FqA4Tw4dJ6kGlnj9tHdg%3D%3D&trk=public_jobs_jserp-result_search-card,suitable
"Director, Product Management - API Ecosystem",Walmart,"Sunnyvale, CA",https://www.linkedin.com/jobs/view/director-product-management-api-ecosystem-at-walmart-3843043208?position=8&pageNum=0&refId=6BuP2ZoMidy8BVqc7hEp%2Bg%3D%3D&trackingId=BwVt2Hfae3dJodAJj0qdqQ%3D%3D&trk=public_jobs_jserp-result_search-card,suitable
Director of Product Management,Simbian,"Mountain View, CA",https://www.linkedin.com/jobs/view/director-of-product-management-at-simbian-3831057932?position=10&pageNum=0&refId=6BuP2ZoMidy8BVqc7hEp%2Bg%3D%3D&trackingId=D99L7PuHiLwBXm0WSNIGSA%3D%3D&trk=public_jobs_jserp-result_search-card,suitable
"Director, Product Management, Engagement",Asana,"San Francisco, CA",https://www.linkedin.com/jobs/view/director-product-management-engagement-at-asana-3842887662?position=1&pageNum=0&refId=6BuP2ZoMidy8BVqc7hEp%2Bg%3D%3D&trackingId=FCYtbOVVklrOz141wRyMww%3D%3D&trk=public_jobs_jserp-result_search-card,suitable
Sr. Director Product Management for Consumer Products,Western Digital,"Milpitas, CA",https://www.linkedin.com/jobs/view/sr-director-product-management-for-consumer-products-at-western-digital-3837863452?position=4&pageNum=0&refId=6BuP2ZoMidy8BVqc7hEp%2Bg%3D%3D&trackingId=J8OohGxLvjstwEfY0Yp0sQ%3D%3D&trk=public_jobs_jserp-result_search-card,suitable
"Director of Product Management, Shopping",Pinterest,"San Francisco, CA",https://www.linkedin.com/jobs/view/director-of-product-management-shopping-at-pinterest-3865441530?position=5&pageNum=0&refId=6BuP2ZoMidy8BVqc7hEp%2Bg%3D%3D&trackingId=GQSTv0v9XXuHJD1l%2F9tuFQ%3D%3D&trk=public_jobs_jserp-result_search-card,suitable
"Senior Director, Product",Primer.ai,"San Francisco, CA",https://www.linkedin.com/jobs/view/senior-director-product-at-primer-ai-3816988041?position=6&pageNum=0&refId=6BuP2ZoMidy8BVqc7hEp%2Bg%3D%3D&trackingId=W0%2F8g5m9ttZ6VXfhv08YXw%3D%3D&trk=public_jobs_jserp-result_search-card,suitable
Director of Product Management,Renesas Electronics,"San Jose, CA",https://www.linkedin.com/jobs/view/director-of-product-management-at-renesas-electronics-3842006013?position=7&pageNum=0&refId=6BuP2ZoMidy8BVqc7hEp%2Bg%3D%3D&trackingId=CX%2FqA4Tw4dJ6kGlnj9tHdg%3D%3D&trk=public_jobs_jserp-result_search-card,suitable
"Director, Product Management - API Ecosystem",Walmart,"Sunnyvale, CA",https://www.linkedin.com/jobs/view/director-product-management-api-ecosystem-at-walmart-3843043208?position=8&pageNum=0&refId=6BuP2ZoMidy8BVqc7hEp%2Bg%3D%3D&trackingId=BwVt2Hfae3dJodAJj0qdqQ%3D%3D&trk=public_jobs_jserp-result_search-card,suitable
Director of Product Management,Simbian,"Mountain View, CA",https://www.linkedin.com/jobs/view/director-of-product-management-at-simbian-3831057932?position=10&pageNum=0&refId=6BuP2ZoMidy8BVqc7hEp%2Bg%3D%3D&trackingId=D99L7PuHiLwBXm0WSNIGSA%3D%3D&trk=public_jobs_jserp-result_search-card,suitable
"Director of Product, Partner Platform",BetterUp,"San Francisco, CA",https://www.linkedin.com/jobs/view/director-of-product-partner-platform-at-betterup-3624544856?position=4&pageNum=2&refId=gMvnHiN9ftGY%2BQzDR%2BNCpg%3D%3D&trackingId=xzcpUTRAdh3C3iciMje9Sw%3D%3D&trk=public_jobs_jserp-result_search-card,suitable
"Director, Product Management, Engagement",Asana,"San Francisco, CA",https://www.linkedin.com/jobs/view/director-product-management-engagement-at-asana-3842887662?position=1&pageNum=0&refId=6BuP2ZoMidy8BVqc7hEp%2Bg%3D%3D&trackingId=FCYtbOVVklrOz141wRyMww%3D%3D&trk=public_jobs_jserp-result_search-card,suitable
Sr. Director Product Management for Consumer Products,Western Digital,"Milpitas, CA",https://www.linkedin.com/jobs/view/sr-director-product-management-for-consumer-products-at-western-digital-3837863452?position=4&pageNum=0&refId=6BuP2ZoMidy8BVqc7hEp%2Bg%3D%3D&trackingId=J8OohGxLvjstwEfY0Yp0sQ%3D%3D&trk=public_jobs_jserp-result_search-card,suitable
"Director of Product Management, Shopping",Pinterest,"San Francisco, CA",https://www.linkedin.com/jobs/view/director-of-product-management-shopping-at-pinterest-3865441530?position=5&pageNum=0&refId=6BuP2ZoMidy8BVqc7hEp%2Bg%3D%3D&trackingId=GQSTv0v9XXuHJD1l%2F9tuFQ%3D%3D&trk=public_jobs_jserp-result_search-card,suitable
"Senior Director, Product",Primer.ai,"San Francisco, CA",https://www.linkedin.com/jobs/view/senior-director-product-at-primer-ai-3816988041?position=6&pageNum=0&refId=6BuP2ZoMidy8BVqc7hEp%2Bg%3D%3D&trackingId=W0%2F8g5m9ttZ6VXfhv08YXw%3D%3D&trk=public_jobs_jserp-result_search-card,suitable
Director of Product Management,Renesas Electronics,"San Jose, CA",https://www.linkedin.com/jobs/view/director-of-product-management-at-renesas-electronics-3842006013?position=7&pageNum=0&refId=6BuP2ZoMidy8BVqc7hEp%2Bg%3D%3D&trackingId=CX%2FqA4Tw4dJ6kGlnj9tHdg%3D%3D&trk=public_jobs_jserp-result_search-card,suitable
"Director, Product Management - API Ecosystem",Walmart,"Sunnyvale, CA",https://www.linkedin.com/jobs/view/director-product-management-api-ecosystem-at-walmart-3843043208?position=8&pageNum=0&refId=6BuP2ZoMidy8BVqc7hEp%2Bg%3D%3D&trackingId=BwVt2Hfae3dJodAJj0qdqQ%3D%3D&trk=public_jobs_jserp-result_search-card,suitable
Director of Product Management,Simbian,"Mountain View, CA",https://www.linkedin.com/jobs/view/director-of-product-management-at-simbian-3831057932?position=10&pageNum=0&refId=6BuP2ZoMidy8BVqc7hEp%2Bg%3D%3D&trackingId=D99L7PuHiLwBXm0WSNIGSA%3D%3D&trk=public_jobs_jserp-result_search-card,suitable
"Director of Product, Partner Platform",BetterUp,"San Francisco, CA",https://www.linkedin.com/jobs/view/director-of-product-partner-platform-at-betterup-3624544856?position=4&pageNum=2&refId=gMvnHiN9ftGY%2BQzDR%2BNCpg%3D%3D&trackingId=xzcpUTRAdh3C3iciMje9Sw%3D%3D&trk=public_jobs_jserp-result_search-card,suitable
"Director, Product Management - Telehealth",23andMe,"Sunnyvale, CA",https://www.linkedin.com/jobs/view/director-product-management-telehealth-at-23andme-3663841438?position=5&pageNum=2&refId=gMvnHiN9ftGY%2BQzDR%2BNCpg%3D%3D&trackingId=wyrVQUtq1dthuvSw2Kjx%2BA%3D%3D&trk=public_jobs_jserp-result_search-card,suitable
"Director, Product Management, Engagement",Asana,"San Francisco, CA",https://www.linkedin.com/jobs/view/director-product-management-engagement-at-asana-3842887662?position=1&pageNum=0&refId=6BuP2ZoMidy8BVqc7hEp%2Bg%3D%3D&trackingId=FCYtbOVVklrOz141wRyMww%3D%3D&trk=public_jobs_jserp-result_search-card,suitable
Sr. Director Product Management for Consumer Products,Western Digital,"Milpitas, CA",https://www.linkedin.com/jobs/view/sr-director-product-management-for-consumer-products-at-western-digital-3837863452?position=4&pageNum=0&refId=6BuP2ZoMidy8BVqc7hEp%2Bg%3D%3D&trackingId=J8OohGxLvjstwEfY0Yp0sQ%3D%3D&trk=public_jobs_jserp-result_search-card,suitable
"Director of Product Management, Shopping",Pinterest,"San Francisco, CA",https://www.linkedin.com/jobs/view/director-of-product-management-shopping-at-pinterest-3865441530?position=5&pageNum=0&refId=6BuP2ZoMidy8BVqc7hEp%2Bg%3D%3D&trackingId=GQSTv0v9XXuHJD1l%2F9tuFQ%3D%3D&trk=public_jobs_jserp-result_search-card,suitable
"Senior Director, Product",Primer.ai,"San Francisco, CA",https://www.linkedin.com/jobs/view/senior-director-product-at-primer-ai-3816988041?position=6&pageNum=0&refId=6BuP2ZoMidy8BVqc7hEp%2Bg%3D%3D&trackingId=W0%2F8g5m9ttZ6VXfhv08YXw%3D%3D&trk=public_jobs_jserp-result_search-card,suitable
Director of Product Management,Renesas Electronics,"San Jose, CA",https://www.linkedin.com/jobs/view/director-of-product-management-at-renesas-electronics-3842006013?position=7&pageNum=0&refId=6BuP2ZoMidy8BVqc7hEp%2Bg%3D%3D&trackingId=CX%2FqA4Tw4dJ6kGlnj9tHdg%3D%3D&trk=public_jobs_jserp-result_search-card,suitable
"Director, Product Management - API Ecosystem",Walmart,"Sunnyvale, CA",https://www.linkedin.com/jobs/view/director-product-management-api-ecosystem-at-walmart-3843043208?position=8&pageNum=0&refId=6BuP2ZoMidy8BVqc7hEp%2Bg%3D%3D&trackingId=BwVt2Hfae3dJodAJj0qdqQ%3D%3D&trk=public_jobs_jserp-result_search-card,suitable
Director of Product Management,Simbian,"Mountain View, CA",https://www.linkedin.com/jobs/view/director-of-product-management-at-simbian-3831057932?position=10&pageNum=0&refId=6BuP2ZoMidy8BVqc7hEp%2Bg%3D%3D&trackingId=D99L7PuHiLwBXm0WSNIGSA%3D%3D&trk=public_jobs_jserp-result_search-card,suitable
"Director of Product, Partner Platform",BetterUp,"San Francisco, CA",https://www.linkedin.com/jobs/view/director-of-product-partner-platform-at-betterup-3624544856?position=4&pageNum=2&refId=gMvnHiN9ftGY%2BQzDR%2BNCpg%3D%3D&trackingId=xzcpUTRAdh3C3iciMje9Sw%3D%3D&trk=public_jobs_jserp-result_search-card,suitable
"Director, Product Management - Telehealth",23andMe,"Sunnyvale, CA",https://www.linkedin.com/jobs/view/director-product-management-telehealth-at-23andme-3663841438?position=5&pageNum=2&refId=gMvnHiN9ftGY%2BQzDR%2BNCpg%3D%3D&trackingId=wyrVQUtq1dthuvSw2Kjx%2BA%3D%3D&trk=public_jobs_jserp-result_search-card,suitable
Director of Product Management,Invenia Group,"San Jose, CA",https://www.linkedin.com/jobs/view/director-of-product-management-at-invenia-group-3860535603?position=7&pageNum=2&refId=gMvnHiN9ftGY%2BQzDR%2BNCpg%3D%3D&trackingId=1xcuBo9ptE%2FI8mmi2VFTOw%3D%3D&trk=public_jobs_jserp-result_search-card,suitable
"Director, Product Management, Engagement",Asana,"San Francisco, CA",https://www.linkedin.com/jobs/view/director-product-management-engagement-at-asana-3842887662?position=1&pageNum=0&refId=6BuP2ZoMidy8BVqc7hEp%2Bg%3D%3D&trackingId=FCYtbOVVklrOz141wRyMww%3D%3D&trk=public_jobs_jserp-result_search-card,suitable
Sr. Director Product Management for Consumer Products,Western Digital,"Milpitas, CA",https://www.linkedin.com/jobs/view/sr-director-product-management-for-consumer-products-at-western-digital-3837863452?position=4&pageNum=0&refId=6BuP2ZoMidy8BVqc7hEp%2Bg%3D%3D&trackingId=J8OohGxLvjstwEfY0Yp0sQ%3D%3D&trk=public_jobs_jserp-result_search-card,suitable
"Director of Product Management, Shopping",Pinterest,"San Francisco, CA",https://www.linkedin.com/jobs/view/director-of-product-management-shopping-at-pinterest-3865441530?position=5&pageNum=0&refId=6BuP2ZoMidy8BVqc7hEp%2Bg%3D%3D&trackingId=GQSTv0v9XXuHJD1l%2F9tuFQ%3D%3D&trk=public_jobs_jserp-result_search-card,suitable
"Senior Director, Product",Primer.ai,"San Francisco, CA",https://www.linkedin.com/jobs/view/senior-director-product-at-primer-ai-3816988041?position=6&pageNum=0&refId=6BuP2ZoMidy8BVqc7hEp%2Bg%3D%3D&trackingId=W0%2F8g5m9ttZ6VXfhv08YXw%3D%3D&trk=public_jobs_jserp-result_search-card,suitable
Director of Product Management,Renesas Electronics,"San Jose, CA",https://www.linkedin.com/jobs/view/director-of-product-management-at-renesas-electronics-3842006013?position=7&pageNum=0&refId=6BuP2ZoMidy8BVqc7hEp%2Bg%3D%3D&trackingId=CX%2FqA4Tw4dJ6kGlnj9tHdg%3D%3D&trk=public_jobs_jserp-result_search-card,suitable
"Director, Product Management - API Ecosystem",Walmart,"Sunnyvale, CA",https://www.linkedin.com/jobs/view/director-product-management-api-ecosystem-at-walmart-3843043208?position=8&pageNum=0&refId=6BuP2ZoMidy8BVqc7hEp%2Bg%3D%3D&trackingId=BwVt2Hfae3dJodAJj0qdqQ%3D%3D&trk=public_jobs_jserp-result_search-card,suitable
Director of Product Management,Simbian,"Mountain View, CA",https://www.linkedin.com/jobs/view/director-of-product-management-at-simbian-3831057932?position=10&pageNum=0&refId=6BuP2ZoMidy8BVqc7hEp%2Bg%3D%3D&trackingId=D99L7PuHiLwBXm0WSNIGSA%3D%3D&trk=public_jobs_jserp-result_search-card,suitable
"Director of Product, Partner Platform",BetterUp,"San Francisco, CA",https://www.linkedin.com/jobs/view/director-of-product-partner-platform-at-betterup-3624544856?position=4&pageNum=2&refId=gMvnHiN9ftGY%2BQzDR%2BNCpg%3D%3D&trackingId=xzcpUTRAdh3C3iciMje9Sw%3D%3D&trk=public_jobs_jserp-result_search-card,suitable
"Director, Product Management - Telehealth",23andMe,"Sunnyvale, CA",https://www.linkedin.com/jobs/view/director-product-management-telehealth-at-23andme-3663841438?position=5&pageNum=2&refId=gMvnHiN9ftGY%2BQzDR%2BNCpg%3D%3D&trackingId=wyrVQUtq1dthuvSw2Kjx%2BA%3D%3D&trk=public_jobs_jserp-result_search-card,suitable
Director of Product Management,Invenia Group,"San Jose, CA",https://www.linkedin.com/jobs/view/director-of-product-management-at-invenia-group-3860535603?position=7&pageNum=2&refId=gMvnHiN9ftGY%2BQzDR%2BNCpg%3D%3D&trackingId=1xcuBo9ptE%2FI8mmi2VFTOw%3D%3D&trk=public_jobs_jserp-result_search-card,suitable
"Director , Product Management",Renesas Electronics,"San Jose, CA",https://www.linkedin.com/jobs/view/director-product-management-at-renesas-electronics-3847906566?position=8&pageNum=2&refId=gMvnHiN9ftGY%2BQzDR%2BNCpg%3D%3D&trackingId=34RfJzZnJcxhqiUFuvG1rg%3D%3D&trk=public_jobs_jserp-result_search-card,suitable
"Director, Product Management, Engagement",Asana,"San Francisco, CA",https://www.linkedin.com/jobs/view/director-product-management-engagement-at-asana-3842887662?position=1&pageNum=0&refId=6BuP2ZoMidy8BVqc7hEp%2Bg%3D%3D&trackingId=FCYtbOVVklrOz141wRyMww%3D%3D&trk=public_jobs_jserp-result_search-card,suitable
Sr. Director Product Management for Consumer Products,Western Digital,"Milpitas, CA",https://www.linkedin.com/jobs/view/sr-director-product-management-for-consumer-products-at-western-digital-3837863452?position=4&pageNum=0&refId=6BuP2ZoMidy8BVqc7hEp%2Bg%3D%3D&trackingId=J8OohGxLvjstwEfY0Yp0sQ%3D%3D&trk=public_jobs_jserp-result_search-card,suitable
"Director of Product Management, Shopping",Pinterest,"San Francisco, CA",https://www.linkedin.com/jobs/view/director-of-product-management-shopping-at-pinterest-3865441530?position=5&pageNum=0&refId=6BuP2ZoMidy8BVqc7hEp%2Bg%3D%3D&trackingId=GQSTv0v9XXuHJD1l%2F9tuFQ%3D%3D&trk=public_jobs_jserp-result_search-card,suitable
"Senior Director, Product",Primer.ai,"San Francisco, CA",https://www.linkedin.com/jobs/view/senior-director-product-at-primer-ai-3816988041?position=6&pageNum=0&refId=6BuP2ZoMidy8BVqc7hEp%2Bg%3D%3D&trackingId=W0%2F8g5m9ttZ6VXfhv08YXw%3D%3D&trk=public_jobs_jserp-result_search-card,suitable
Director of Product Management,Renesas Electronics,"San Jose, CA",https://www.linkedin.com/jobs/view/director-of-product-management-at-renesas-electronics-3842006013?position=7&pageNum=0&refId=6BuP2ZoMidy8BVqc7hEp%2Bg%3D%3D&trackingId=CX%2FqA4Tw4dJ6kGlnj9tHdg%3D%3D&trk=public_jobs_jserp-result_search-card,suitable
"Director, Product Management - API Ecosystem",Walmart,"Sunnyvale, CA",https://www.linkedin.com/jobs/view/director-product-management-api-ecosystem-at-walmart-3843043208?position=8&pageNum=0&refId=6BuP2ZoMidy8BVqc7hEp%2Bg%3D%3D&trackingId=BwVt2Hfae3dJodAJj0qdqQ%3D%3D&trk=public_jobs_jserp-result_search-card,suitable
Director of Product Management,Simbian,"Mountain View, CA",https://www.linkedin.com/jobs/view/director-of-product-management-at-simbian-3831057932?position=10&pageNum=0&refId=6BuP2ZoMidy8BVqc7hEp%2Bg%3D%3D&trackingId=D99L7PuHiLwBXm0WSNIGSA%3D%3D&trk=public_jobs_jserp-result_search-card,suitable
"Director of Product, Partner Platform",BetterUp,"San Francisco, CA",https://www.linkedin.com/jobs/view/director-of-product-partner-platform-at-betterup-3624544856?position=4&pageNum=2&refId=gMvnHiN9ftGY%2BQzDR%2BNCpg%3D%3D&trackingId=xzcpUTRAdh3C3iciMje9Sw%3D%3D&trk=public_jobs_jserp-result_search-card,suitable
"Director, Product Management - Telehealth",23andMe,"Sunnyvale, CA",https://www.linkedin.com/jobs/view/director-product-management-telehealth-at-23andme-3663841438?position=5&pageNum=2&refId=gMvnHiN9ftGY%2BQzDR%2BNCpg%3D%3D&trackingId=wyrVQUtq1dthuvSw2Kjx%2BA%3D%3D&trk=public_jobs_jserp-result_search-card,suitable
Director of Product Management,Invenia Group,"San Jose, CA",https://www.linkedin.com/jobs/view/director-of-product-management-at-invenia-group-3860535603?position=7&pageNum=2&refId=gMvnHiN9ftGY%2BQzDR%2BNCpg%3D%3D&trackingId=1xcuBo9ptE%2FI8mmi2VFTOw%3D%3D&trk=public_jobs_jserp-result_search-card,suitable
"Director , Product Management",Renesas Electronics,"San Jose, CA",https://www.linkedin.com/jobs/view/director-product-management-at-renesas-electronics-3847906566?position=8&pageNum=2&refId=gMvnHiN9ftGY%2BQzDR%2BNCpg%3D%3D&trackingId=34RfJzZnJcxhqiUFuvG1rg%3D%3D&trk=public_jobs_jserp-result_search-card,suitable
Director / Sr. Director Product (Platform),SAIGroup,"Los Altos, CA",https://www.linkedin.com/jobs/view/director-sr-director-product-platform-at-saigroup-3854950160?position=9&pageNum=2&refId=gMvnHiN9ftGY%2BQzDR%2BNCpg%3D%3D&trackingId=6bs4Px7yEGdEUpYj4syiGg%3D%3D&trk=public_jobs_jserp-result_search-card,suitable
"Product Management, Director",Meta,"San Francisco, CA",https://www.linkedin.com/jobs/view/product-management-director-at-meta-3811301953?position=7&pageNum=0&refId=VbrOyXLhvSJx%2FAh1mQBgow%3D%3D&trackingId=6U4nFGriqaRRkKT1%2FTPvAg%3D%3D&trk=public_jobs_jserp-result_search-card,suitable
"Product Management, Director",Meta,"San Francisco, CA",https://www.linkedin.com/jobs/view/product-management-director-at-meta-3811301953?position=7&pageNum=0&refId=VbrOyXLhvSJx%2FAh1mQBgow%3D%3D&trackingId=6U4nFGriqaRRkKT1%2FTPvAg%3D%3D&trk=public_jobs_jserp-result_search-card,suitable
"Product Management, Director (Threads Growth)",Instagram,"Menlo Park, CA",https://www.linkedin.com/jobs/view/product-management-director-threads-growth-at-instagram-3859777256?position=1&pageNum=2&refId=14FEx90uPGKFDrOW0hkhkQ%3D%3D&trackingId=rtcwNYeStVv0TxE0vG98DQ%3D%3D&trk=public_jobs_jserp-result_search-card,suitable
"Senior Manager / Director, Business Development and Partner Management",PubMatic,"Redwood City, CA",https://www.linkedin.com/jobs/view/senior-manager-director-business-development-and-partner-management-at-pubmatic-3812016182?position=1&pageNum=25&refId=ORedfS3PHMq4EJ3H9kxeug%3D%3D&trackingId=cbhucwxFcW3LcAAUFTVa0g%3D%3D&trk=public_jobs_jserp-result_search-card,suitable
"Senior Manager / Director, Business Development and Partner Management",PubMatic,"Redwood City, CA",https://www.linkedin.com/jobs/view/senior-manager-director-business-development-and-partner-management-at-pubmatic-3812016182?position=1&pageNum=25&refId=ORedfS3PHMq4EJ3H9kxeug%3D%3D&trackingId=cbhucwxFcW3LcAAUFTVa0g%3D%3D&trk=public_jobs_jserp-result_search-card,suitable
Director of Product Management,Balbix,"San Jose, CA",https://www.linkedin.com/jobs/view/director-of-product-management-at-balbix-3836791813?position=2&pageNum=25&refId=ORedfS3PHMq4EJ3H9kxeug%3D%3D&trackingId=0FEEQ8%2F83wLFMA8no2L76A%3D%3D&trk=public_jobs_jserp-result_search-card,suitable
"Senior Manager / Director, Business Development and Partner Management",PubMatic,"Redwood City, CA",https://www.linkedin.com/jobs/view/senior-manager-director-business-development-and-partner-management-at-pubmatic-3812016182?position=1&pageNum=25&refId=ORedfS3PHMq4EJ3H9kxeug%3D%3D&trackingId=cbhucwxFcW3LcAAUFTVa0g%3D%3D&trk=public_jobs_jserp-result_search-card,suitable
Director of Product Management,Balbix,"San Jose, CA",https://www.linkedin.com/jobs/view/director-of-product-management-at-balbix-3836791813?position=2&pageNum=25&refId=ORedfS3PHMq4EJ3H9kxeug%3D%3D&trackingId=0FEEQ8%2F83wLFMA8no2L76A%3D%3D&trk=public_jobs_jserp-result_search-card,suitable
"Associate Director, Digital - Web Development",We Are RALLY,"San Francisco, CA",https://www.linkedin.com/jobs/view/associate-director-digital-web-development-at-we-are-rally-3834705479?position=5&pageNum=25&refId=ORedfS3PHMq4EJ3H9kxeug%3D%3D&trackingId=PCxPf5SMiTbVmYAzafsJ7Q%3D%3D&trk=public_jobs_jserp-result_search-card,suitable
"Senior Manager / Director, Business Development and Partner Management",PubMatic,"Redwood City, CA",https://www.linkedin.com/jobs/view/senior-manager-director-business-development-and-partner-management-at-pubmatic-3812016182?position=1&pageNum=25&refId=ORedfS3PHMq4EJ3H9kxeug%3D%3D&trackingId=cbhucwxFcW3LcAAUFTVa0g%3D%3D&trk=public_jobs_jserp-result_search-card,suitable
Director of Product Management,Balbix,"San Jose, CA",https://www.linkedin.com/jobs/view/director-of-product-management-at-balbix-3836791813?position=2&pageNum=25&refId=ORedfS3PHMq4EJ3H9kxeug%3D%3D&trackingId=0FEEQ8%2F83wLFMA8no2L76A%3D%3D&trk=public_jobs_jserp-result_search-card,suitable
"Associate Director, Digital - Web Development",We Are RALLY,"San Francisco, CA",https://www.linkedin.com/jobs/view/associate-director-digital-web-development-at-we-are-rally-3834705479?position=5&pageNum=25&refId=ORedfS3PHMq4EJ3H9kxeug%3D%3D&trackingId=PCxPf5SMiTbVmYAzafsJ7Q%3D%3D&trk=public_jobs_jserp-result_search-card,suitable
"Sr. Director, Product Design",SoFi,"San Francisco, CA",https://www.linkedin.com/jobs/view/sr-director-product-design-at-sofi-3872816048?position=6&pageNum=25&refId=ORedfS3PHMq4EJ3H9kxeug%3D%3D&trackingId=sCmdbI8vzVmlHIxjmPFkKg%3D%3D&trk=public_jobs_jserp-result_search-card,suitable
"Senior Manager / Director, Business Development and Partner Management",PubMatic,"Redwood City, CA",https://www.linkedin.com/jobs/view/senior-manager-director-business-development-and-partner-management-at-pubmatic-3812016182?position=1&pageNum=25&refId=ORedfS3PHMq4EJ3H9kxeug%3D%3D&trackingId=cbhucwxFcW3LcAAUFTVa0g%3D%3D&trk=public_jobs_jserp-result_search-card,suitable
Director of Product Management,Balbix,"San Jose, CA",https://www.linkedin.com/jobs/view/director-of-product-management-at-balbix-3836791813?position=2&pageNum=25&refId=ORedfS3PHMq4EJ3H9kxeug%3D%3D&trackingId=0FEEQ8%2F83wLFMA8no2L76A%3D%3D&trk=public_jobs_jserp-result_search-card,suitable
"Associate Director, Digital - Web Development",We Are RALLY,"San Francisco, CA",https://www.linkedin.com/jobs/view/associate-director-digital-web-development-at-we-are-rally-3834705479?position=5&pageNum=25&refId=ORedfS3PHMq4EJ3H9kxeug%3D%3D&trackingId=PCxPf5SMiTbVmYAzafsJ7Q%3D%3D&trk=public_jobs_jserp-result_search-card,suitable
"Sr. Director, Product Design",SoFi,"San Francisco, CA",https://www.linkedin.com/jobs/view/sr-director-product-design-at-sofi-3872816048?position=6&pageNum=25&refId=ORedfS3PHMq4EJ3H9kxeug%3D%3D&trackingId=sCmdbI8vzVmlHIxjmPFkKg%3D%3D&trk=public_jobs_jserp-result_search-card,suitable
Director of Sales,AllSpice,San Francisco Bay Area,https://www.linkedin.com/jobs/view/director-of-sales-at-allspice-3790040784?position=7&pageNum=25&refId=ORedfS3PHMq4EJ3H9kxeug%3D%3D&trackingId=qfpFWT7baaEwmmQDzlyPDw%3D%3D&trk=public_jobs_jserp-result_search-card,suitable
"Director, Business Development",Pinterest,"San Francisco, CA",https://www.linkedin.com/jobs/view/director-business-development-at-pinterest-3818219779?position=2&pageNum=25&refId=FU9RxzNEsrrkxvgCAy5e2w%3D%3D&trackingId=chTu0T4%2BkjvV8VrW%2BHrLAA%3D%3D&trk=public_jobs_jserp-result_search-card,suitable
"Director, Business Development",Pinterest,"San Francisco, CA",https://www.linkedin.com/jobs/view/director-business-development-at-pinterest-3818219779?position=2&pageNum=25&refId=FU9RxzNEsrrkxvgCAy5e2w%3D%3D&trackingId=chTu0T4%2BkjvV8VrW%2BHrLAA%3D%3D&trk=public_jobs_jserp-result_search-card,suitable
Store Director,Confidential.,"San Francisco, CA",https://www.linkedin.com/jobs/view/store-director-at-confidential-3820090796?position=3&pageNum=25&refId=FU9RxzNEsrrkxvgCAy5e2w%3D%3D&trackingId=qBAuG%2FwSBLk1VFtmItZ9Lw%3D%3D&trk=public_jobs_jserp-result_search-card,suitable
"Director, Large Partners and Segment Go-to-Market",Google,"San Bruno, CA",https://www.linkedin.com/jobs/view/director-large-partners-and-segment-go-to-market-at-google-3813284739?position=6&pageNum=50&refId=3CQFLcPTjLVnzfRWPk7nYw%3D%3D&trackingId=Kgogk%2Fnliu9ymcx3L2%2Fxyg%3D%3D&trk=public_jobs_jserp-result_search-card,suitable
"Director, Large Partners and Segment Go-to-Market",Google,"San Bruno, CA",https://www.linkedin.com/jobs/view/director-large-partners-and-segment-go-to-market-at-google-3813284739?position=6&pageNum=50&refId=3CQFLcPTjLVnzfRWPk7nYw%3D%3D&trackingId=Kgogk%2Fnliu9ymcx3L2%2Fxyg%3D%3D&trk=public_jobs_jserp-result_search-card,suitable
Remote Director of Sales - (K-12 Sales),CyberCoders,"San Francisco, CA",https://www.linkedin.com/jobs/view/remote-director-of-sales-k-12-sales-at-cybercoders-3836230897?position=7&pageNum=50&refId=3CQFLcPTjLVnzfRWPk7nYw%3D%3D&trackingId=mPY%2B%2FxWXEGLwQAMjyWQKvg%3D%3D&trk=public_jobs_jserp-result_search-card,suitable
"Director, Large Partners and Segment Go-to-Market",Google,"San Bruno, CA",https://www.linkedin.com/jobs/view/director-large-partners-and-segment-go-to-market-at-google-3813284739?position=6&pageNum=50&refId=3CQFLcPTjLVnzfRWPk7nYw%3D%3D&trackingId=Kgogk%2Fnliu9ymcx3L2%2Fxyg%3D%3D&trk=public_jobs_jserp-result_search-card,suitable
Remote Director of Sales - (K-12 Sales),CyberCoders,"San Francisco, CA",https://www.linkedin.com/jobs/view/remote-director-of-sales-k-12-sales-at-cybercoders-3836230897?position=7&pageNum=50&refId=3CQFLcPTjLVnzfRWPk7nYw%3D%3D&trackingId=mPY%2B%2FxWXEGLwQAMjyWQKvg%3D%3D&trk=public_jobs_jserp-result_search-card,suitable
Director of Professional Services,Bigeye,"San Francisco, CA",https://www.linkedin.com/jobs/view/director-of-professional-services-at-bigeye-3860721942?position=8&pageNum=50&refId=3CQFLcPTjLVnzfRWPk7nYw%3D%3D&trackingId=8RhoOxoqy1xHjKIDFxhP%2Bg%3D%3D&trk=public_jobs_jserp-result_search-card,suitable
"Director, Product Marketing - IT Automation - Remote | WFH",Get It Recruit - Marketing,"Sunnyvale, CA",https://www.linkedin.com/jobs/view/director-product-marketing-it-automation-remote-wfh-at-get-it-recruit-marketing-3857440640?position=2&pageNum=70&refId=EzdtyTm1LT5XIVZPCsB1Rg%3D%3D&trackingId=qEDVv4XpQaddrs7aEVxiDQ%3D%3D&trk=public_jobs_jserp-result_search-card,suitable
"Director, Product Marketing - IT Automation - Remote | WFH",Get It Recruit - Marketing,"Sunnyvale, CA",https://www.linkedin.com/jobs/view/director-product-marketing-it-automation-remote-wfh-at-get-it-recruit-marketing-3857440640?position=2&pageNum=70&refId=EzdtyTm1LT5XIVZPCsB1Rg%3D%3D&trackingId=qEDVv4XpQaddrs7aEVxiDQ%3D%3D&trk=public_jobs_jserp-result_search-card,suitable
Director of Financial Planning and Analysis (EV industry),Robert Half,San Francisco Bay Area,https://www.linkedin.com/jobs/view/director-of-financial-planning-and-analysis-ev-industry-at-robert-half-3865593671?position=3&pageNum=70&refId=EzdtyTm1LT5XIVZPCsB1Rg%3D%3D&trackingId=AzQ0A%2BFrR2%2BfwPi7Lmgrpw%3D%3D&trk=public_jobs_jserp-result_search-card,suitable
"Director, Product Marketing - IT Automation - Remote | WFH",Get It Recruit - Marketing,"Sunnyvale, CA",https://www.linkedin.com/jobs/view/director-product-marketing-it-automation-remote-wfh-at-get-it-recruit-marketing-3857440640?position=2&pageNum=70&refId=EzdtyTm1LT5XIVZPCsB1Rg%3D%3D&trackingId=qEDVv4XpQaddrs7aEVxiDQ%3D%3D&trk=public_jobs_jserp-result_search-card,suitable
Director of Financial Planning and Analysis (EV industry),Robert Half,San Francisco Bay Area,https://www.linkedin.com/jobs/view/director-of-financial-planning-and-analysis-ev-industry-at-robert-half-3865593671?position=3&pageNum=70&refId=EzdtyTm1LT5XIVZPCsB1Rg%3D%3D&trackingId=AzQ0A%2BFrR2%2BfwPi7Lmgrpw%3D%3D&trk=public_jobs_jserp-result_search-card,suitable
"Sr. Director- Audience, Insights & Measurements",Albertsons Companies,"Pleasanton, CA",https://www.linkedin.com/jobs/view/sr-director-audience-insights-measurements-at-albertsons-companies-3872865571?position=5&pageNum=70&refId=EzdtyTm1LT5XIVZPCsB1Rg%3D%3D&trackingId=s0%2Bgtvjdg9gwGFC4zaa3Rg%3D%3D&trk=public_jobs_jserp-result_search-card,suitable
"Director, Product Marketing - IT Automation - Remote | WFH",Get It Recruit - Marketing,"Sunnyvale, CA",https://www.linkedin.com/jobs/view/director-product-marketing-it-automation-remote-wfh-at-get-it-recruit-marketing-3857440640?position=2&pageNum=70&refId=EzdtyTm1LT5XIVZPCsB1Rg%3D%3D&trackingId=qEDVv4XpQaddrs7aEVxiDQ%3D%3D&trk=public_jobs_jserp-result_search-card,suitable
Director of Financial Planning and Analysis (EV industry),Robert Half,San Francisco Bay Area,https://www.linkedin.com/jobs/view/director-of-financial-planning-and-analysis-ev-industry-at-robert-half-3865593671?position=3&pageNum=70&refId=EzdtyTm1LT5XIVZPCsB1Rg%3D%3D&trackingId=AzQ0A%2BFrR2%2BfwPi7Lmgrpw%3D%3D&trk=public_jobs_jserp-result_search-card,suitable
"Sr. Director- Audience, Insights & Measurements",Albertsons Companies,"Pleasanton, CA",https://www.linkedin.com/jobs/view/sr-director-audience-insights-measurements-at-albertsons-companies-3872865571?position=5&pageNum=70&refId=EzdtyTm1LT5XIVZPCsB1Rg%3D%3D&trackingId=s0%2Bgtvjdg9gwGFC4zaa3Rg%3D%3D&trk=public_jobs_jserp-result_search-card,suitable
"Director, Data Science - Monetization Infrastructure",Meta,"Menlo Park, CA",https://www.linkedin.com/jobs/view/director-data-science-monetization-infrastructure-at-meta-3836302782?position=8&pageNum=70&refId=EzdtyTm1LT5XIVZPCsB1Rg%3D%3D&trackingId=YElclEvZmhOlmdodelxZNg%3D%3D&trk=public_jobs_jserp-result_search-card,suitable
"Director, Product Marketing - IT Automation - Remote | WFH",Get It Recruit - Marketing,"Sunnyvale, CA",https://www.linkedin.com/jobs/view/director-product-marketing-it-automation-remote-wfh-at-get-it-recruit-marketing-3857440640?position=2&pageNum=70&refId=EzdtyTm1LT5XIVZPCsB1Rg%3D%3D&trackingId=qEDVv4XpQaddrs7aEVxiDQ%3D%3D&trk=public_jobs_jserp-result_search-card,suitable
Director of Financial Planning and Analysis (EV industry),Robert Half,San Francisco Bay Area,https://www.linkedin.com/jobs/view/director-of-financial-planning-and-analysis-ev-industry-at-robert-half-3865593671?position=3&pageNum=70&refId=EzdtyTm1LT5XIVZPCsB1Rg%3D%3D&trackingId=AzQ0A%2BFrR2%2BfwPi7Lmgrpw%3D%3D&trk=public_jobs_jserp-result_search-card,suitable
"Sr. Director- Audience, Insights & Measurements",Albertsons Companies,"Pleasanton, CA",https://www.linkedin.com/jobs/view/sr-director-audience-insights-measurements-at-albertsons-companies-3872865571?position=5&pageNum=70&refId=EzdtyTm1LT5XIVZPCsB1Rg%3D%3D&trackingId=s0%2Bgtvjdg9gwGFC4zaa3Rg%3D%3D&trk=public_jobs_jserp-result_search-card,suitable
"Director, Data Science - Monetization Infrastructure",Meta,"Menlo Park, CA",https://www.linkedin.com/jobs/view/director-data-science-monetization-infrastructure-at-meta-3836302782?position=8&pageNum=70&refId=EzdtyTm1LT5XIVZPCsB1Rg%3D%3D&trackingId=YElclEvZmhOlmdodelxZNg%3D%3D&trk=public_jobs_jserp-result_search-card,suitable
"Sr. Director, Product Management",Supermicro,"San Jose, CA",https://www.linkedin.com/jobs/view/sr-director-product-management-at-supermicro-3839544334?position=9&pageNum=70&refId=EzdtyTm1LT5XIVZPCsB1Rg%3D%3D&trackingId=%2FPT1WA5LLnjKLbpm%2BCZFqQ%3D%3D&trk=public_jobs_jserp-result_search-card,suitable
Director of Sales,Census,"San Francisco, CA",https://www.linkedin.com/jobs/view/director-of-sales-at-census-3860731185?position=2&pageNum=70&refId=LDzI3mrHlxUX%2FvUdv6ltdQ%3D%3D&trackingId=T2dBXmeRi3Roapn%2BlZ8nTA%3D%3D&trk=public_jobs_jserp-result_search-card,suitable
"Director, Technical Program Management AI/ML- (Remote- Eligible)",SimplyApply,"San Francisco, CA",https://www.linkedin.com/jobs/view/director-technical-program-management-ai-ml-remote-eligible-at-simplyapply-3864912277?position=9&pageNum=80&refId=cZZHU3jSfw6HngRI%2F1U0nA%3D%3D&trackingId=sSxXdtODHQtkJ7JBmX7Zcw%3D%3D&trk=public_jobs_jserp-result_search-card,suitable
"Director, Technical Program Management AI/ML- (Remote- Eligible)",SimplyApply,"San Francisco, CA",https://www.linkedin.com/jobs/view/director-technical-program-management-ai-ml-remote-eligible-at-simplyapply-3864912277?position=9&pageNum=80&refId=cZZHU3jSfw6HngRI%2F1U0nA%3D%3D&trackingId=sSxXdtODHQtkJ7JBmX7Zcw%3D%3D&trk=public_jobs_jserp-result_search-card,suitable
"Director, Strategic Partnerships",myGwork - LGBTQ+ Business Community,"San Francisco, CA",https://www.linkedin.com/jobs/view/director-strategic-partnerships-at-mygwork-lgbtq%2B-business-community-3848229058?position=10&pageNum=80&refId=cZZHU3jSfw6HngRI%2F1U0nA%3D%3D&trackingId=8jNg7pS4ROJ9QpsPcTyDAQ%3D%3D&trk=public_jobs_jserp-result_search-card,suitable
"Director, Software Product Management",Thermo Fisher Scientific,"South San Francisco, CA",https://www.linkedin.com/jobs/view/director-software-product-management-at-thermo-fisher-scientific-3842027354?position=1&pageNum=90&refId=TOTk6zBCq3xImc61%2BUPjxw%3D%3D&trackingId=FeH4TAi%2BoCzg2jXkJdgLpQ%3D%3D&trk=public_jobs_jserp-result_search-card,suitable
"Director, Software Product Management",Thermo Fisher Scientific,"South San Francisco, CA",https://www.linkedin.com/jobs/view/director-software-product-management-at-thermo-fisher-scientific-3842027354?position=1&pageNum=90&refId=TOTk6zBCq3xImc61%2BUPjxw%3D%3D&trackingId=FeH4TAi%2BoCzg2jXkJdgLpQ%3D%3D&trk=public_jobs_jserp-result_search-card,suitable
"N.W. Regional Sales Director, Life and related products - Remote | WFH",Get It Recruit - Marketing,"San Francisco, CA",https://www.linkedin.com/jobs/view/n-w-regional-sales-director-life-and-related-products-remote-wfh-at-get-it-recruit-marketing-3860870155?position=2&pageNum=90&refId=TOTk6zBCq3xImc61%2BUPjxw%3D%3D&trackingId=PNNKn3Kas7ijgRkb%2BtLj%2Bw%3D%3D&trk=public_jobs_jserp-result_search-card,suitable
"Director, Software Product Management",Thermo Fisher Scientific,"South San Francisco, CA",https://www.linkedin.com/jobs/view/director-software-product-management-at-thermo-fisher-scientific-3842027354?position=1&pageNum=90&refId=TOTk6zBCq3xImc61%2BUPjxw%3D%3D&trackingId=FeH4TAi%2BoCzg2jXkJdgLpQ%3D%3D&trk=public_jobs_jserp-result_search-card,suitable
"N.W. Regional Sales Director, Life and related products - Remote | WFH",Get It Recruit - Marketing,"San Francisco, CA",https://www.linkedin.com/jobs/view/n-w-regional-sales-director-life-and-related-products-remote-wfh-at-get-it-recruit-marketing-3860870155?position=2&pageNum=90&refId=TOTk6zBCq3xImc61%2BUPjxw%3D%3D&trackingId=PNNKn3Kas7ijgRkb%2BtLj%2Bw%3D%3D&trk=public_jobs_jserp-result_search-card,suitable
Director of Sales Enablement,fabric,"San Francisco, CA",https://www.linkedin.com/jobs/view/director-of-sales-enablement-at-fabric-3835743970?position=5&pageNum=90&refId=TOTk6zBCq3xImc61%2BUPjxw%3D%3D&trackingId=8IV6KJoLjKbBjvN8djnMNg%3D%3D&trk=public_jobs_jserp-result_search-card,suitable
"Director, Software Product Management",Thermo Fisher Scientific,"South San Francisco, CA",https://www.linkedin.com/jobs/view/director-software-product-management-at-thermo-fisher-scientific-3842027354?position=1&pageNum=90&refId=TOTk6zBCq3xImc61%2BUPjxw%3D%3D&trackingId=FeH4TAi%2BoCzg2jXkJdgLpQ%3D%3D&trk=public_jobs_jserp-result_search-card,suitable
"N.W. Regional Sales Director, Life and related products - Remote | WFH",Get It Recruit - Marketing,"San Francisco, CA",https://www.linkedin.com/jobs/view/n-w-regional-sales-director-life-and-related-products-remote-wfh-at-get-it-recruit-marketing-3860870155?position=2&pageNum=90&refId=TOTk6zBCq3xImc61%2BUPjxw%3D%3D&trackingId=PNNKn3Kas7ijgRkb%2BtLj%2Bw%3D%3D&trk=public_jobs_jserp-result_search-card,suitable
Director of Sales Enablement,fabric,"San Francisco, CA",https://www.linkedin.com/jobs/view/director-of-sales-enablement-at-fabric-3835743970?position=5&pageNum=90&refId=TOTk6zBCq3xImc61%2BUPjxw%3D%3D&trackingId=8IV6KJoLjKbBjvN8djnMNg%3D%3D&trk=public_jobs_jserp-result_search-card,suitable
"Senior Director, Pharmaceutical Development",Bayside Solutions,"Fremont, CA",https://www.linkedin.com/jobs/view/senior-director-pharmaceutical-development-at-bayside-solutions-3864565543?position=7&pageNum=90&refId=TOTk6zBCq3xImc61%2BUPjxw%3D%3D&trackingId=kJTdthnvIZH1rqfQTLAULg%3D%3D&trk=public_jobs_jserp-result_search-card,suitable
"Director, Business Development – AI/ML, GenAI (AI2303)",SiMa.ai,"San Jose, CA",https://www.linkedin.com/jobs/view/director-business-development-%E2%80%93-ai-ml-genai-ai2303-at-sima-ai-3846495747?position=1&pageNum=90&refId=qrKklLoeQPhRAwLY4WfGLg%3D%3D&trackingId=4WVljIbJnyc1yjDXfry8Qg%3D%3D&trk=public_jobs_jserp-result_search-card,suitable
"Director, Business Development – AI/ML, GenAI (AI2303)",SiMa.ai,"San Jose, CA",https://www.linkedin.com/jobs/view/director-business-development-%E2%80%93-ai-ml-genai-ai2303-at-sima-ai-3846495747?position=1&pageNum=90&refId=qrKklLoeQPhRAwLY4WfGLg%3D%3D&trackingId=4WVljIbJnyc1yjDXfry8Qg%3D%3D&trk=public_jobs_jserp-result_search-card,suitable
Director of Product Management - Programming Models,Aerospike,"Mountain View, CA",https://www.linkedin.com/jobs/view/director-of-product-management-programming-models-at-aerospike-3868026770?position=3&pageNum=90&refId=qrKklLoeQPhRAwLY4WfGLg%3D%3D&trackingId=ZJ%2Fj97DFkoPkbPOdZYGqOg%3D%3D&trk=public_jobs_jserp-result_search-card,suitable
"Director, Business Development – AI/ML, GenAI (AI2303)",SiMa.ai,"San Jose, CA",https://www.linkedin.com/jobs/view/director-business-development-%E2%80%93-ai-ml-genai-ai2303-at-sima-ai-3846495747?position=1&pageNum=90&refId=qrKklLoeQPhRAwLY4WfGLg%3D%3D&trackingId=4WVljIbJnyc1yjDXfry8Qg%3D%3D&trk=public_jobs_jserp-result_search-card,suitable
Director of Product Management - Programming Models,Aerospike,"Mountain View, CA",https://www.linkedin.com/jobs/view/director-of-product-management-programming-models-at-aerospike-3868026770?position=3&pageNum=90&refId=qrKklLoeQPhRAwLY4WfGLg%3D%3D&trackingId=ZJ%2Fj97DFkoPkbPOdZYGqOg%3D%3D&trk=public_jobs_jserp-result_search-card,suitable
Director of Global Payment (Remote),McAfee,"San Jose, CA",https://www.linkedin.com/jobs/view/director-of-global-payment-remote-at-mcafee-3873373378?position=5&pageNum=90&refId=qrKklLoeQPhRAwLY4WfGLg%3D%3D&trackingId=Bzyw%2BLe84Uza6yv5gSmZ8w%3D%3D&trk=public_jobs_jserp-result_search-card,suitable
"Director, Business Development – AI/ML, GenAI (AI2303)",SiMa.ai,"San Jose, CA",https://www.linkedin.com/jobs/view/director-business-development-%E2%80%93-ai-ml-genai-ai2303-at-sima-ai-3846495747?position=1&pageNum=90&refId=qrKklLoeQPhRAwLY4WfGLg%3D%3D&trackingId=4WVljIbJnyc1yjDXfry8Qg%3D%3D&trk=public_jobs_jserp-result_search-card,suitable
Director of Product Management - Programming Models,Aerospike,"Mountain View, CA",https://www.linkedin.com/jobs/view/director-of-product-management-programming-models-at-aerospike-3868026770?position=3&pageNum=90&refId=qrKklLoeQPhRAwLY4WfGLg%3D%3D&trackingId=ZJ%2Fj97DFkoPkbPOdZYGqOg%3D%3D&trk=public_jobs_jserp-result_search-card,suitable
Director of Global Payment (Remote),McAfee,"San Jose, CA",https://www.linkedin.com/jobs/view/director-of-global-payment-remote-at-mcafee-3873373378?position=5&pageNum=90&refId=qrKklLoeQPhRAwLY4WfGLg%3D%3D&trackingId=Bzyw%2BLe84Uza6yv5gSmZ8w%3D%3D&trk=public_jobs_jserp-result_search-card,suitable
"Director, Enterprise Software Relationship Banking",myGwork - LGBTQ+ Business Community,"San Francisco, CA",https://www.linkedin.com/jobs/view/director-enterprise-software-relationship-banking-at-mygwork-lgbtq%2B-business-community-3848268408?position=6&pageNum=90&refId=qrKklLoeQPhRAwLY4WfGLg%3D%3D&trackingId=jWIb8YT3RflWT35ASzpzdQ%3D%3D&trk=public_jobs_jserp-result_search-card,suitable
"Director, Business Development – AI/ML, GenAI (AI2303)",SiMa.ai,"San Jose, CA",https://www.linkedin.com/jobs/view/director-business-development-%E2%80%93-ai-ml-genai-ai2303-at-sima-ai-3846495747?position=1&pageNum=90&refId=qrKklLoeQPhRAwLY4WfGLg%3D%3D&trackingId=4WVljIbJnyc1yjDXfry8Qg%3D%3D&trk=public_jobs_jserp-result_search-card,suitable
Director of Product Management - Programming Models,Aerospike,"Mountain View, CA",https://www.linkedin.com/jobs/view/director-of-product-management-programming-models-at-aerospike-3868026770?position=3&pageNum=90&refId=qrKklLoeQPhRAwLY4WfGLg%3D%3D&trackingId=ZJ%2Fj97DFkoPkbPOdZYGqOg%3D%3D&trk=public_jobs_jserp-result_search-card,suitable
Director of Global Payment (Remote),McAfee,"San Jose, CA",https://www.linkedin.com/jobs/view/director-of-global-payment-remote-at-mcafee-3873373378?position=5&pageNum=90&refId=qrKklLoeQPhRAwLY4WfGLg%3D%3D&trackingId=Bzyw%2BLe84Uza6yv5gSmZ8w%3D%3D&trk=public_jobs_jserp-result_search-card,suitable
"Director, Enterprise Software Relationship Banking",myGwork - LGBTQ+ Business Community,"San Francisco, CA",https://www.linkedin.com/jobs/view/director-enterprise-software-relationship-banking-at-mygwork-lgbtq%2B-business-community-3848268408?position=6&pageNum=90&refId=qrKklLoeQPhRAwLY4WfGLg%3D%3D&trackingId=jWIb8YT3RflWT35ASzpzdQ%3D%3D&trk=public_jobs_jserp-result_search-card,suitable
"Senior Director, Product Marketing",Workato,"Mountain View, CA",https://www.linkedin.com/jobs/view/senior-director-product-marketing-at-workato-3723005255?position=7&pageNum=90&refId=qrKklLoeQPhRAwLY4WfGLg%3D%3D&trackingId=DYtL1RxBHYX9ft0ufB6TNA%3D%3D&trk=public_jobs_jserp-result_search-card,suitable
"Director, Business Development – AI/ML, GenAI (AI2303)",SiMa.ai,"San Jose, CA",https://www.linkedin.com/jobs/view/director-business-development-%E2%80%93-ai-ml-genai-ai2303-at-sima-ai-3846495747?position=1&pageNum=90&refId=qrKklLoeQPhRAwLY4WfGLg%3D%3D&trackingId=4WVljIbJnyc1yjDXfry8Qg%3D%3D&trk=public_jobs_jserp-result_search-card,suitable
Director of Product Management - Programming Models,Aerospike,"Mountain View, CA",https://www.linkedin.com/jobs/view/director-of-product-management-programming-models-at-aerospike-3868026770?position=3&pageNum=90&refId=qrKklLoeQPhRAwLY4WfGLg%3D%3D&trackingId=ZJ%2Fj97DFkoPkbPOdZYGqOg%3D%3D&trk=public_jobs_jserp-result_search-card,suitable
Director of Global Payment (Remote),McAfee,"San Jose, CA",https://www.linkedin.com/jobs/view/director-of-global-payment-remote-at-mcafee-3873373378?position=5&pageNum=90&refId=qrKklLoeQPhRAwLY4WfGLg%3D%3D&trackingId=Bzyw%2BLe84Uza6yv5gSmZ8w%3D%3D&trk=public_jobs_jserp-result_search-card,suitable
"Director, Enterprise Software Relationship Banking",myGwork - LGBTQ+ Business Community,"San Francisco, CA",https://www.linkedin.com/jobs/view/director-enterprise-software-relationship-banking-at-mygwork-lgbtq%2B-business-community-3848268408?position=6&pageNum=90&refId=qrKklLoeQPhRAwLY4WfGLg%3D%3D&trackingId=jWIb8YT3RflWT35ASzpzdQ%3D%3D&trk=public_jobs_jserp-result_search-card,suitable
"Senior Director, Product Marketing",Workato,"Mountain View, CA",https://www.linkedin.com/jobs/view/senior-director-product-marketing-at-workato-3723005255?position=7&pageNum=90&refId=qrKklLoeQPhRAwLY4WfGLg%3D%3D&trackingId=DYtL1RxBHYX9ft0ufB6TNA%3D%3D&trk=public_jobs_jserp-result_search-card,suitable
Retail Director (Sports & Entertainment),Afton Consulting Group,"San Jose, CA",https://www.linkedin.com/jobs/view/retail-director-sports-entertainment-at-afton-consulting-group-3867430632?position=9&pageNum=90&refId=qrKklLoeQPhRAwLY4WfGLg%3D%3D&trackingId=6OibCH1POhEMhyrte4sWow%3D%3D&trk=public_jobs_jserp-result_search-card,suitable
"Director, Business Development – AI/ML, GenAI (AI2303)",SiMa.ai,"San Jose, CA",https://www.linkedin.com/jobs/view/director-business-development-%E2%80%93-ai-ml-genai-ai2303-at-sima-ai-3846495747?position=1&pageNum=90&refId=qrKklLoeQPhRAwLY4WfGLg%3D%3D&trackingId=4WVljIbJnyc1yjDXfry8Qg%3D%3D&trk=public_jobs_jserp-result_search-card,suitable
Director of Product Management - Programming Models,Aerospike,"Mountain View, CA",https://www.linkedin.com/jobs/view/director-of-product-management-programming-models-at-aerospike-3868026770?position=3&pageNum=90&refId=qrKklLoeQPhRAwLY4WfGLg%3D%3D&trackingId=ZJ%2Fj97DFkoPkbPOdZYGqOg%3D%3D&trk=public_jobs_jserp-result_search-card,suitable
Director of Global Payment (Remote),McAfee,"San Jose, CA",https://www.linkedin.com/jobs/view/director-of-global-payment-remote-at-mcafee-3873373378?position=5&pageNum=90&refId=qrKklLoeQPhRAwLY4WfGLg%3D%3D&trackingId=Bzyw%2BLe84Uza6yv5gSmZ8w%3D%3D&trk=public_jobs_jserp-result_search-card,suitable
"Director, Enterprise Software Relationship Banking",myGwork - LGBTQ+ Business Community,"San Francisco, CA",https://www.linkedin.com/jobs/view/director-enterprise-software-relationship-banking-at-mygwork-lgbtq%2B-business-community-3848268408?position=6&pageNum=90&refId=qrKklLoeQPhRAwLY4WfGLg%3D%3D&trackingId=jWIb8YT3RflWT35ASzpzdQ%3D%3D&trk=public_jobs_jserp-result_search-card,suitable
"Senior Director, Product Marketing",Workato,"Mountain View, CA",https://www.linkedin.com/jobs/view/senior-director-product-marketing-at-workato-3723005255?position=7&pageNum=90&refId=qrKklLoeQPhRAwLY4WfGLg%3D%3D&trackingId=DYtL1RxBHYX9ft0ufB6TNA%3D%3D&trk=public_jobs_jserp-result_search-card,suitable
Retail Director (Sports & Entertainment),Afton Consulting Group,"San Jose, CA",https://www.linkedin.com/jobs/view/retail-director-sports-entertainment-at-afton-consulting-group-3867430632?position=9&pageNum=90&refId=qrKklLoeQPhRAwLY4WfGLg%3D%3D&trackingId=6OibCH1POhEMhyrte4sWow%3D%3D&trk=public_jobs_jserp-result_search-card,suitable
"Director, Business Development (Pharma)",MMS,"San Francisco, CA",https://www.linkedin.com/jobs/view/director-business-development-pharma-at-mms-3761486905?position=10&pageNum=90&refId=qrKklLoeQPhRAwLY4WfGLg%3D%3D&trackingId=7LrDc85B169pKshzwphxyA%3D%3D&trk=public_jobs_jserp-result_search-card,suitable
"Director, Alliances (Salesforce)",Thunder,"San Francisco, CA",https://www.linkedin.com/jobs/view/director-alliances-salesforce-at-thunder-3854527925?position=9&pageNum=90&refId=oHCutwd%2Bjwz5K8nfFypRyQ%3D%3D&trackingId=t6%2BwjqzmLhohtEoDdanMvg%3D%3D&trk=public_jobs_jserp-result_search-card,suitable
